City_ID,City,Lat,Lng,Max Temp,Humidity,Cloudiness,Wind Speed,Country,Date
0,atuona,-9.8,-139.0333,26.07,75,2,7.74,PF,1676234076
1,hithadhoo,-0.6,73.0833,26.9,67,2,4.21,MV,1676234076
2,georgetown,5.4112,100.3354,26.96,97,20,2.06,MY,1676234076
3,sonipat,28.9833,77.0167,13.0,28,0,5.41,IN,1676234077
4,norman wells,65.282,-126.8329,-23.98,70,75,1.54,CA,1676234077
5,mar del plata,-38.0023,-57.5575,24.01,88,75,4.63,AR,1676234078
6,aizawl,23.7333,92.7167,10.29,80,0,1.56,IN,1676234078
7,dargaville,-35.9333,173.8833,18.16,95,100,9.82,NZ,1676234079
8,erzin,36.9559,36.2,4.97,56,0,1.17,TR,1676234079
9,puerto ayora,-0.7393,-90.3518,30.98,86,96,3.13,EC,1676233880
10,vaini,-21.2,-175.2,28.09,89,75,2.57,TO,1676234080
11,constitucion,-35.3333,-72.4167,18.84,68,15,6.3,CL,1676233889
12,arraial do cabo,-22.9661,-42.0278,27.98,83,75,4.12,BR,1676234080
13,preobrazheniye,42.9019,133.9064,-7.58,69,10,2.82,RU,1676234081
14,port alfred,-33.5906,26.891,22.88,95,92,1.79,ZA,1676234081
15,grand gaube,-20.0064,57.6608,26.22,70,8,0.89,MU,1676234081
16,albany,42.6001,-73.9662,7.9,39,99,1.37,US,1676234068
17,hilo,19.7297,-155.09,21.27,94,100,4.63,US,1676234000
18,fortuna,40.5982,-124.1573,13.85,77,0,2.57,US,1676234082
19,aberdeen,57.1437,-2.0981,7.33,83,75,4.12,GB,1676234082
20,yaan,7.3833,8.5667,31.01,10,35,1.74,NG,1676234083
21,ushuaia,-54.8,-68.3,10.81,58,75,4.12,AR,1676233878
22,punta arenas,-53.15,-70.9167,12.06,50,40,9.77,CL,1676234083
23,rikitea,-23.1203,-134.9692,25.89,67,36,1.58,PF,1676234084
24,kavaratti,10.5669,72.642,26.55,74,0,4.62,IN,1676234084
25,busselton,-33.65,115.3333,14.1,80,0,4.52,AU,1676234085
26,gusau,12.1628,6.6614,24.2,13,1,4.31,NG,1676234085
27,soe,-9.8607,124.284,18.44,93,84,1.64,ID,1676234086
28,jamestown,42.097,-79.2353,9.8,18,0,2.06,US,1676234086
29,sao filipe,14.8961,-24.4956,21.38,80,93,3.8,CV,1676234086
30,faya,18.3851,42.4509,14.29,38,0,1.2,SA,1676234087
31,tiksi,71.6872,128.8694,-41.45,100,70,1.62,RU,1676234087
32,cape town,-33.9258,18.4232,21.73,83,20,6.17,ZA,1676233985
33,barrow,71.2906,-156.7887,-27.99,76,0,5.66,US,1676234088
34,bathsheba,13.2167,-59.5167,28.34,47,20,10.8,BB,1676234088
35,payson,40.0444,-111.7321,6.33,51,20,0.89,US,1676233832
36,sigiriya,7.9518,80.7426,17.79,97,98,1.17,LK,1676234089
37,karratha,-20.7377,116.8463,29.7,68,64,6.46,AU,1676234089
38,lebu,-37.6167,-73.65,18.39,72,70,3.69,CL,1676234090
39,upernavik,72.7868,-56.1549,-25.68,94,100,3.02,GL,1676234090
40,east london,-33.0153,27.9116,23.86,85,20,5.3,ZA,1676234091
41,tasiilaq,65.6145,-37.6368,-5.91,68,100,4.98,GL,1676234091
42,durres,41.3231,19.4414,9.1,61,2,4.95,AL,1676234092
43,saint george,37.1041,-113.5841,16.35,26,0,2.24,US,1676234092
44,wuwei,37.9281,102.6414,-5.47,93,100,0.51,CN,1676234092
45,caborca,30.5838,-111.101,21.03,14,2,10.06,MX,1676234093
46,qaanaaq,77.484,-69.3632,-32.82,94,65,2.36,GL,1676234093
47,isangel,-19.55,169.2667,25.06,94,100,4.12,VU,1676234093
48,khatanga,71.9667,102.5,-15.24,96,100,2.35,RU,1676234094
49,faanui,-16.4833,-151.75,27.69,75,89,5.49,PF,1676234094
50,sitka,57.0531,-135.33,5.94,81,100,5.66,US,1676234094
51,rincon,32.296,-81.2354,11.98,73,75,9.26,US,1676234010
52,avarua,-21.2078,-159.775,29.03,74,40,3.6,CK,1676234095
53,silver city,32.7701,-108.2803,14.79,28,53,3.13,US,1676234041
54,santa maria,-29.6842,-53.8069,36.61,28,0,3.09,BR,1676234096
55,ribeira grande,38.5167,-28.7,15.43,67,75,8.94,PT,1676234096
56,hofn,64.2539,-15.2082,2.87,93,100,3.24,IS,1676233904
57,san cristobal,7.7669,-72.225,26.1,49,47,1.85,VE,1676234096
58,saint-philippe,-21.3585,55.7679,24.77,81,100,5.78,RE,1676234097
59,vila franca do campo,37.7167,-25.4333,15.23,87,82,3.59,PT,1676234097
60,berlevag,70.8578,29.0864,2.0,80,75,15.43,NO,1676234098
61,lewistown,40.5992,-77.5714,9.49,36,0,0.0,US,1676234098
62,yulara,-25.2406,130.9889,27.1,26,30,4.43,AU,1676234098
63,castro,-24.7911,-50.0119,20.99,88,75,0.82,BR,1676234099
64,mataura,-46.1927,168.8643,17.3,70,35,0.29,NZ,1676234099
65,dikson,73.5069,80.5464,-10.45,92,100,9.79,RU,1676233990
66,ponta do sol,32.6667,-17.1,16.51,75,85,2.5,PT,1676234100
67,nyurba,63.2842,118.3319,-44.18,100,58,0.92,RU,1676234100
68,cabras,39.93,8.5314,6.46,83,0,1.85,IT,1676234101
69,seabra,-12.4186,-41.7703,24.9,60,49,4.31,BR,1676234101
70,cherskiy,68.75,161.3,-42.54,100,87,1.53,RU,1676234102
71,bambous virieux,-20.3428,57.7575,26.14,69,40,4.12,MU,1676234103
72,charters towers,-20.1,146.2667,23.29,62,33,3.17,AU,1676234103
73,lompoc,34.6391,-120.4579,19.45,59,100,6.26,US,1676234075
74,sakaiminato,35.55,133.2333,8.99,93,75,5.66,JP,1676234104
75,kiruna,67.8557,20.2251,-1.49,69,93,7.2,SE,1676234105
76,ritchie,-29.038,24.6028,24.19,45,7,3.51,ZA,1676234105
77,cidreira,-30.1811,-50.2056,26.08,75,0,5.99,BR,1676234106
78,crotone,39.0851,17.1178,10.11,64,77,7.59,IT,1676234106
79,longyearbyen,78.2186,15.6401,-5.09,68,75,6.69,SJ,1676234107
80,araouane,18.9048,-3.5265,27.67,11,74,4.67,ML,1676234108
81,kodiak,57.79,-152.4072,-6.27,63,100,8.75,US,1676234108
82,bac lieu,9.285,105.7244,23.95,88,61,2.54,VN,1676234109
83,iqaluit,63.7506,-68.5145,-30.15,67,75,5.14,CA,1676234109
84,comodoro rivadavia,-45.8667,-67.5,20.92,19,0,4.12,AR,1676234110
85,nago,26.5881,127.9761,21.24,84,10,5.41,JP,1676234111
86,pemangkat,1.1667,108.9667,23.33,93,100,0.85,ID,1676234111
87,butaritari,3.0707,172.7902,26.17,84,79,5.69,KI,1676234112
88,leningradskiy,69.3833,178.4167,-27.49,94,100,4.45,RU,1676234113
89,souillac,-20.5167,57.5167,26.21,69,40,4.12,MU,1676234113
90,aklavik,68.2191,-135.0107,-32.0,75,75,0.0,CA,1676234114
91,vestmannaeyjar,63.4427,-20.2734,8.28,88,100,15.41,IS,1676234114
92,hermanus,-34.4187,19.2345,22.11,69,68,3.22,ZA,1676234115
93,panguna,-6.3164,155.4848,21.9,89,100,0.91,PG,1676234115
94,vuktyl,63.8567,57.3094,-7.95,95,100,3.35,RU,1676234116
95,marsa matruh,31.3525,27.2453,13.11,50,40,4.12,EG,1676234116
96,matagami,49.7502,-77.6328,-8.94,67,100,2.06,CA,1676234117
97,komsomolskiy,40.4272,71.7189,-1.6,80,91,1.03,UZ,1676234117
98,opuwo,-18.0607,13.84,23.86,35,80,3.84,NA,1676234118
99,victoria,22.2855,114.1577,22.2,94,46,4.47,HK,1676233906
100,new norfolk,-42.7826,147.0587,12.06,66,9,0.45,AU,1676234119
101,guerrero negro,27.9769,-114.0611,14.8,60,98,3.49,MX,1676234119
102,taree,-31.9,152.4667,21.7,96,80,3.23,AU,1676234120
103,esperance,-33.8667,121.9,14.76,81,0,4.33,AU,1676234120
104,san patricio,28.017,-97.5169,20.09,35,100,4.05,US,1676234121
105,binzhou,37.3667,118.0167,-0.98,44,71,5.32,CN,1676234121
106,vryburg,-26.9566,24.7284,21.9,48,34,2.75,ZA,1676234122
107,coihaique,-45.5752,-72.0662,14.97,41,40,4.12,CL,1676233984
108,bluff,-46.6,168.3333,14.99,83,76,2.26,NZ,1676234122
109,simbahan,6.3032,120.5836,26.72,84,98,5.72,PH,1676234123
110,rawah,34.4816,41.9093,8.03,47,0,3.79,IQ,1676234124
111,burnie,-41.0667,145.9167,11.08,72,3,3.05,AU,1676233954
112,saskylakh,71.9167,114.0833,-38.46,98,59,4.11,RU,1676234125
113,namatanai,-3.6667,152.4333,26.56,82,100,1.54,PG,1676234125
114,seidu,9.0167,-10.6,29.67,32,78,1.56,SL,1676234126
115,kodinsk,58.6881,99.1844,-26.47,100,85,1.28,RU,1676234126
116,tuktoyaktuk,69.4541,-133.0374,-38.0,74,20,0.0,CA,1676234127
117,biak,-0.9131,122.8766,24.9,77,100,1.62,ID,1676234128
118,tucumcari,35.1717,-103.725,20.52,19,0,2.57,US,1676234128
119,ulagan,50.6321,87.9563,-12.48,95,100,1.08,RU,1676234128
120,ewa beach,21.3156,-158.0072,25.97,62,0,9.77,US,1676234129
121,huanren,41.2647,125.3667,-8.58,88,7,1.98,CN,1676234129
122,hamilton,39.1834,-84.5333,13.57,20,0,5.14,US,1676234130
123,port blair,11.6667,92.75,23.02,88,88,0.51,IN,1676234113
124,balkhash,46.844,74.9804,-22.36,100,73,3.83,KZ,1676234130
125,gat,31.61,34.7642,10.22,80,63,0.68,IL,1676233839
126,arroyo,41.6096,-4.7969,7.01,63,0,3.09,ES,1676234131
127,ouadda,8.0777,22.4007,25.83,21,88,3.01,CF,1676234132
128,kushima,31.4583,131.2333,16.35,96,99,2.39,JP,1676234133
129,mankono,8.0586,-6.1897,31.08,35,13,1.76,CI,1676234134
130,camopi,3.1655,-52.3158,24.11,98,99,1.73,GF,1676234135
131,airai,-8.9266,125.4092,15.09,95,99,1.38,TL,1676234135
132,bonfim,3.0833,-59.95,31.7,43,100,2.48,BR,1676234135
133,nuevo progreso,23.1667,-97.95,22.16,36,0,3.13,MX,1676234136
134,clyde river,70.4692,-68.5914,-37.87,67,0,1.54,CA,1676234136
135,gao,16.6362,1.637,25.52,15,0,5.75,ML,1676234137
136,mordovo,52.0834,40.77,-5.82,93,100,9.37,RU,1676234137
137,mahebourg,-20.4081,57.7,26.16,69,40,4.12,MU,1676233856
138,copiapo,-27.3667,-70.3333,23.83,39,0,4.23,CL,1676233890
139,russell,32.3502,-85.1999,8.53,76,100,8.75,US,1676234138
140,wanlaweyn,2.6185,44.8938,24.37,73,0,6.7,SO,1676234138
141,bauchi,10.5,10.0,23.0,19,0,3.91,NG,1676234139
142,kapaa,22.0752,-159.319,25.18,74,75,9.77,US,1676234139
143,bethel,41.3712,-73.414,9.05,43,0,3.6,US,1676234140
144,yellowknife,62.456,-114.3525,-17.47,78,20,2.06,CA,1676234122
145,obidos,-1.9175,-55.5181,29.63,64,59,2.04,BR,1676233887
146,korgen,66.0771,13.8153,4.07,85,100,12.12,NO,1676234140
147,aykhal,66.0,111.5,-29.09,100,55,2.77,RU,1676234141
148,malakal,9.5334,31.6605,30.66,17,8,4.12,SS,1676234141
149,zhezkazgan,47.8043,67.7144,-18.34,100,100,1.76,KZ,1676234141
150,port hardy,50.6996,-127.4199,6.1,100,75,5.66,CA,1676234142
151,matara,5.9485,80.5353,24.16,86,67,2.33,LK,1676234142
152,kaitangata,-46.2817,169.8464,16.24,72,92,2.06,NZ,1676234143
153,la ronge,55.1001,-105.2842,0.14,64,75,4.63,CA,1676234143
154,road town,18.4167,-64.6167,28.05,69,40,5.14,VG,1676234143
155,port augusta,-32.5,137.7667,17.02,62,3,4.33,AU,1676234144
156,margate,51.3813,1.3862,7.17,75,0,1.34,GB,1676234144
157,la palma,33.8464,-118.0467,17.65,57,20,4.12,US,1676234145
158,saldanha,-33.0117,17.9442,17.92,93,0,5.59,ZA,1676234145
159,turukhansk,65.8167,87.9833,-14.82,95,100,7.91,RU,1676234145
160,caravelas,-17.7125,-39.2481,26.55,79,40,3.07,BR,1676234146
161,port angeles,48.1181,-123.4307,8.74,71,100,3.09,US,1676233962
162,bonthe,7.5264,-12.505,25.45,82,2,2.95,SL,1676234146
163,cockburn town,21.4612,-71.1419,25.05,77,0,7.79,TC,1676233879
164,bengkulu,-3.8004,102.2655,24.08,82,100,2.64,ID,1676234147
165,saint-augustin,51.226,-58.6502,-10.59,94,94,4.07,CA,1676234147
166,nikolskoye,59.7035,30.7861,1.94,97,100,5.65,RU,1676234147
167,una,20.8167,71.0333,23.29,26,4,6.07,IN,1676234148
168,linfen,36.0889,111.5189,3.11,77,100,3.25,CN,1676234148
169,mizan teferi,6.9833,35.5833,21.05,43,3,0.83,ET,1676234149
170,progreso,21.2833,-89.6667,24.06,54,3,5.05,MX,1676234149
171,porto novo,6.4965,2.6036,28.9,80,6,3.3,BJ,1676233895
172,tselinnoye,53.0833,85.6667,-11.43,95,100,2.92,RU,1676234150
173,kamaishi,39.2667,141.8833,2.75,83,100,2.29,JP,1676234150
174,muros,42.7762,-9.0603,10.61,69,100,2.27,ES,1676234150
175,bredasdorp,-34.5322,20.0403,23.88,60,87,2.47,ZA,1676234151
176,tocopilla,-22.092,-70.1979,23.82,70,4,2.69,CL,1676234151
177,ahipara,-35.1667,173.1667,18.95,94,100,9.8,NZ,1676234152
178,ono,34.85,134.9333,8.78,90,100,2.04,JP,1676234152
179,paamiut,61.994,-49.6678,-20.36,92,8,5.98,GL,1676234152
180,alta floresta,-9.8756,-56.0861,25.9,78,20,1.03,BR,1676234153
181,kaeo,-35.1,173.7833,19.07,94,100,9.14,NZ,1676234153
182,kedrovyy,56.1667,91.8167,-24.77,98,100,1.48,RU,1676234153
183,monchegorsk,67.9397,32.8739,-2.87,87,83,4.68,RU,1676234154
184,hoi an,15.8794,108.335,23.98,93,91,3.04,VN,1676234154
185,grindavik,63.8424,-22.4338,8.97,100,100,14.92,IS,1676234155
186,muzhi,65.3667,64.6667,-9.87,88,85,4.8,RU,1676234155
187,luderitz,-26.6481,15.1594,17.67,90,0,2.61,NA,1676234156
188,padang,-0.9492,100.3543,24.03,88,100,1.57,ID,1676234157
189,fernley,39.608,-119.2518,9.5,28,0,0.89,US,1676234157
190,jamame,0.0722,42.7506,24.31,80,79,5.54,SO,1676234158
191,chuy,-33.6971,-53.4616,28.66,53,0,6.9,UY,1676234158
192,belaya gora,68.5333,146.4167,-32.75,98,100,0.7,RU,1676234158
193,axim,4.8699,-2.2405,26.94,87,8,3.26,GH,1676234159
194,tuatapere,-46.1333,167.6833,16.96,70,64,0.17,NZ,1676234159
195,rocha,-34.4833,-54.3333,34.54,28,2,8.45,UY,1676234160
196,ponta delgada,37.7333,-25.6667,15.4,82,20,4.63,PT,1676234160
197,tabou,4.423,-7.3528,26.79,86,5,3.23,CI,1676234160
198,mandera,3.9366,41.867,28.03,20,0,4.91,KE,1676234161
199,kyren,51.6828,102.1408,-16.06,77,4,0.87,RU,1676234161
200,hobart,-42.8794,147.3294,12.25,72,75,4.12,AU,1676234044
201,roald,62.5833,6.1333,9.63,81,75,11.83,NO,1676234162
202,maniitsoq,65.4167,-52.9,-21.39,89,19,3.83,GL,1676234163
203,batagay-alyta,67.8006,130.4114,-42.16,95,30,2.13,RU,1676233914
204,xique-xique,-10.8218,-42.7263,30.23,46,97,0.95,BR,1676234164
205,antofagasta,-23.65,-70.4,24.6,70,5,3.51,CL,1676234164
206,lukh,57.0124,42.2584,-16.82,99,46,3.16,RU,1676234165
207,peniche,39.3558,-9.3811,13.29,73,99,7.69,PT,1676234166
208,santa marta,11.2408,-74.199,35.03,43,20,6.17,CO,1676234166
209,shimoda,34.6667,138.95,10.61,81,100,5.3,JP,1676234167
210,severo-kurilsk,50.6789,156.125,-7.53,65,99,3.33,RU,1676234167
211,erdenet,49.0333,104.0833,-21.5,98,5,1.65,MN,1676234168
212,zbiroh,49.8602,13.7726,4.8,100,100,0.54,CZ,1676234168
213,georgiyevka,43.0369,74.7114,-10.98,85,6,2.0,KZ,1676234169
214,mayo,38.8876,-76.5119,4.56,87,100,5.66,US,1676234169
215,kuyanovo,55.8014,54.5372,-9.62,92,100,4.67,RU,1676234170
216,poya,-21.35,165.15,24.95,61,65,2.54,NC,1676234170
217,vaitape,-16.5167,-151.75,27.67,75,87,5.5,PF,1676234171
218,shenjiamen,29.9576,122.298,9.28,96,100,8.19,CN,1676234172
219,nueva guinea,11.6876,-84.4562,26.75,65,19,7.62,NI,1676234172
220,harper,4.375,-7.7169,26.64,85,4,3.31,LR,1676234173
221,kavieng,-2.5744,150.7967,27.09,76,100,0.4,PG,1676234173
222,asau,46.4333,26.4,-2.49,93,48,2.06,RO,1676234174
223,ahuatempan,18.4167,-98.0167,24.79,24,0,3.13,MX,1676234174
224,yining,29.0361,114.5636,7.83,93,100,1.28,CN,1676234174
225,maceio,-9.6658,-35.7353,28.69,69,40,5.14,BR,1676234175
226,bairiki,1.3292,172.9752,26.0,94,100,8.75,KI,1676234175
227,cairns,-16.9167,145.7667,25.04,89,95,1.03,AU,1676234088
228,guarapari,-20.6667,-40.4975,28.27,80,100,6.07,BR,1676234176
229,sao joao da barra,-21.6403,-41.0511,27.05,89,100,5.09,BR,1676233984
230,svetlaya,46.5389,138.3297,-10.51,73,47,3.02,RU,1676234177
231,kilindoni,-7.9139,39.6668,27.25,73,82,6.65,TZ,1676234177
232,nanortalik,60.1432,-45.2371,-8.52,66,100,5.21,GL,1676234178
233,orlik,52.5178,99.825,-27.15,82,3,0.82,RU,1676234178
234,port lincoln,-34.7333,135.8667,14.73,74,13,4.66,AU,1676234179
235,stavern,59.0,10.0333,6.4,81,100,3.85,NO,1676234179
236,carnarvon,-24.8667,113.6333,25.28,64,0,9.22,AU,1676234180
237,kruisfontein,-34.0033,24.7314,21.41,81,84,2.77,ZA,1676234181
238,kitimat,54.0524,-128.6534,3.21,30,100,3.28,CA,1676234181
239,topeka,39.0483,-95.678,15.88,36,0,5.14,US,1676234157
240,colares,38.7992,-9.4469,13.27,70,81,1.79,PT,1676234182
241,atasu,48.6814,71.6433,-23.6,100,99,1.77,KZ,1676234182
242,la asuncion,11.0333,-63.8628,25.04,79,93,8.66,VE,1676234125
243,la paz,-16.5,-68.15,16.99,44,75,4.63,BO,1676233952
244,lorengau,-2.0226,147.2712,27.27,82,100,3.61,PG,1676234183
245,ketchikan,55.3422,-131.6461,7.26,87,100,2.57,US,1676234184
246,kalevala,65.2,31.1667,0.4,78,100,6.67,RU,1676234184
247,ust-kut,56.7938,105.7672,-25.36,100,43,1.34,RU,1676234185
248,pisco,-13.7,-76.2167,27.03,69,75,3.09,PE,1676233947
249,krasnoturansk,54.3186,91.5639,-20.43,97,100,0.81,RU,1676234185
250,hambantota,6.1241,81.1185,22.47,85,77,5.07,LK,1676234186
251,sobolevo,54.4299,31.8996,-6.46,96,93,3.23,RU,1676234186
252,paciran,-6.8767,112.3761,23.47,90,100,4.11,ID,1676234186
253,lam luk ka,13.9323,100.7494,28.89,83,20,2.57,TH,1676234187
254,koygorodok,60.445,50.9968,-7.25,95,100,2.69,RU,1676234187
255,meulaboh,4.1363,96.1285,24.36,89,100,2.59,ID,1676234188
256,marsh harbour,26.5412,-77.0636,24.36,76,16,9.19,BS,1676234189
257,dicabisagan,17.0818,122.4157,22.11,89,24,0.65,PH,1676234189
258,salalah,17.0151,54.0924,22.05,56,0,1.54,OM,1676234189
259,taksimo,56.3444,114.8794,-18.73,87,94,2.57,RU,1676234190
260,poum,-20.2333,164.0167,25.63,62,49,6.08,NC,1676234190
261,mackay,-21.15,149.2,22.6,82,41,4.1,AU,1676233947
262,klaksvik,62.2266,-6.589,8.51,83,95,11.5,FO,1676234191
263,hervey bay,-25.2986,152.8535,25.62,85,5,5.33,AU,1676234191
264,alofi,-19.0595,-169.9187,26.94,89,75,2.57,NU,1676234192
265,thompson,55.7435,-97.8558,-10.91,85,100,3.09,CA,1676234192
266,umm kaddadah,13.6017,26.6876,20.31,17,1,6.29,SD,1676234193
267,khandyga,62.6667,135.6,-41.36,99,84,0.91,RU,1676234193
268,katsuura,35.1333,140.3,12.01,94,100,3.35,JP,1676234193
269,lakselv,70.0513,24.9718,1.9,80,100,11.83,NO,1676234194
270,cabo san lucas,22.8909,-109.9124,29.61,22,75,6.69,MX,1676234194
271,olafsvik,64.8945,-23.7142,5.54,97,100,11.48,IS,1676234195
272,izmalkovo,52.6887,37.964,-8.17,89,80,7.78,RU,1676234195
273,estepa,37.2926,-4.879,7.46,75,10,4.45,ES,1676234195
274,rio gallegos,-51.6226,-69.2181,14.03,33,75,7.2,AR,1676234196
275,ancud,-41.8697,-73.8203,14.87,59,97,4.69,CL,1676234196
276,port elizabeth,-33.918,25.5701,22.16,88,40,6.17,ZA,1676234196
277,soria,41.6667,-2.6667,3.25,81,1,0.83,ES,1676234197
278,sapa,5.1544,120.3241,25.7,83,95,2.91,PH,1676234197
279,kendari,-3.945,122.4989,24.07,93,100,1.28,ID,1676234198
280,huron,41.1501,-82.5499,11.69,35,38,2.41,US,1676234198
281,ucluelet,48.9329,-125.5528,6.17,92,100,0.89,CA,1676234198
282,velikiy ustyug,60.7644,46.3106,-21.1,100,99,1.57,RU,1676234199
283,sioux lookout,50.1001,-91.917,4.04,65,75,4.63,CA,1676234199
284,acapulco,16.8634,-99.8901,29.9,66,0,3.6,MX,1676234183
285,nabire,-3.3667,135.4833,23.61,93,98,1.33,ID,1676234199
286,tres arroyos,-38.3739,-60.2798,19.6,73,99,5.02,AR,1676234200
287,bang saphan,11.2126,99.5117,22.88,86,87,1.63,TH,1676234200
288,mitchell,43.7094,-98.0298,2.84,76,0,3.09,US,1676234124
289,nedjo,9.5046,35.5019,18.37,31,3,0.36,ET,1676234201
290,sena madureira,-9.0656,-68.6569,27.95,65,87,1.9,BR,1676234201
291,makakilo city,21.3469,-158.0858,25.18,62,0,9.77,US,1676234202
292,aswan,24.0934,32.907,16.61,36,0,4.12,EG,1676234202
293,pundaguitan,6.3711,126.1689,26.15,81,100,3.66,PH,1676234203
294,osorno,-40.5667,-73.15,15.17,94,75,1.03,CL,1676233972
295,meybod,32.2501,54.0166,4.01,52,100,2.53,IR,1676234203
296,kununurra,-15.7667,128.7333,24.99,94,40,1.54,AU,1676234204
297,puerto rondon,6.2805,-71.1,33.79,34,81,4.43,CO,1676234205
298,garoua,9.3,13.4,27.79,13,1,2.04,CM,1676234205
299,laukaa,58.7372,29.8453,0.74,97,100,5.82,RU,1676234205
300,mporokoso,-9.3727,30.125,16.56,93,100,1.44,ZM,1676234206
301,porto santo,33.072,-16.3415,17.21,82,40,3.6,PT,1676234206
302,arani,12.6667,79.2833,19.3,62,7,1.5,IN,1676234207
303,gonzales,30.2385,-90.9201,17.92,37,0,3.6,US,1676234207
304,te anau,-45.4167,167.7167,16.39,71,50,0.04,NZ,1676234207
305,san javier,37.8063,-0.8374,13.84,67,75,5.36,ES,1676234208
306,dmytrivka,45.9717,28.9864,-1.33,74,71,6.28,UA,1676234208
307,cayenne,4.9333,-52.3333,26.02,89,75,3.6,GF,1676234209
308,orshanka,56.9161,47.8933,-6.89,96,100,2.69,RU,1676234209
309,virginia beach,36.8529,-75.978,11.68,86,100,9.26,US,1676234093
310,aranos,-24.1333,19.1167,27.57,22,2,3.04,NA,1676234209
311,anadyr,64.75,177.4833,-32.72,75,20,3.0,RU,1676234210
312,kasongo-lunda,-6.4667,16.8167,21.71,89,91,0.23,CD,1676234210
313,kirakira,-10.4544,161.9205,28.06,79,89,3.02,SB,1676234211
314,murupara,-38.4667,176.7,14.82,97,100,5.29,NZ,1676234211
315,tukrah,32.5341,20.5791,12.66,64,99,4.0,LY,1676234212
316,ranikhet,29.65,79.4167,1.17,38,0,2.1,IN,1676234212
317,itoman,26.1247,127.6694,22.01,88,40,6.17,JP,1676234212
318,gizo,-8.103,156.8419,28.13,75,100,2.98,SB,1676234213
319,along,28.1667,94.7667,12.45,97,100,1.33,IN,1676234213
320,strezhevoy,60.7333,77.5889,-18.19,97,61,3.57,RU,1676234214
321,murashi,59.3999,48.9615,-8.96,98,100,1.6,RU,1676233936
322,taltal,-25.4,-70.4833,23.38,73,8,2.38,CL,1676233933
323,tabas,33.5959,56.9244,6.12,81,100,1.03,IR,1676234214
324,qui nhon,13.7667,109.2333,23.13,91,98,2.08,VN,1676234215
325,narsaq,60.9167,-46.05,-16.88,70,100,1.05,GL,1676234215
326,micheweni,-4.9667,39.8333,26.7,75,97,6.72,TZ,1676234215
327,alice springs,-23.7,133.8833,22.75,35,0,4.63,AU,1676234216
328,lagoa,39.05,-27.9833,14.25,70,100,10.41,PT,1676234216
329,yerky,48.9906,30.9882,-3.92,80,76,5.13,UA,1676234216
330,jiuquan,39.7432,98.5174,-4.92,62,100,1.1,CN,1676234217
331,ipswich,52.0592,1.1555,7.45,84,100,1.54,GB,1676234001
332,geraldton,-28.7667,114.6,17.23,88,0,0.0,AU,1676233938
333,pevek,69.7008,170.3133,-30.5,95,100,1.15,RU,1676234217
334,ca mau,9.1769,105.15,23.03,91,84,1.08,VN,1676234218
335,sungairaya,0.7,108.9,23.9,91,100,1.84,ID,1676234218
336,seoul,37.5683,126.9778,4.66,84,75,2.06,KR,1676234168
337,bilibino,68.0546,166.4372,-34.71,99,84,1.76,RU,1676234219
338,bastrop,32.7562,-91.8724,17.61,21,0,2.06,US,1676234219
339,oktyabrskoye,43.0645,44.7417,-4.92,93,28,3.0,RU,1676234220
340,cepu,-7.1475,111.5906,22.62,94,100,2.35,ID,1676234220
341,naze,28.3667,129.4833,19.51,86,26,8.6,JP,1676234220
342,eldorado,-23.7869,-54.2836,25.95,80,20,2.57,BR,1676234133
343,bandarbeyla,9.4942,50.8122,23.67,67,0,5.86,SO,1676234221
344,itapetinga,-15.2489,-40.2478,26.32,68,10,2.22,BR,1676234221
345,buenos aires,-34.6132,-58.3772,39.44,29,1,5.24,AR,1676234222
346,nouakchott,18.0858,-15.9785,26.96,73,100,7.53,MR,1676233969
347,hermiston,45.8404,-119.2895,13.23,61,0,0.89,US,1676234185
348,najran,17.4924,44.1277,20.36,48,0,2.26,SA,1676234223
349,palmer,42.1584,-72.3287,9.32,31,75,0.0,US,1676234157
350,prince rupert,54.3161,-130.3201,7.05,87,100,7.72,CA,1676234224
351,mongo,12.1844,18.693,25.95,15,11,3.25,TD,1676234225
352,mountain home,43.133,-115.6912,7.46,48,0,3.09,US,1676234225
353,suicheng,33.8963,117.9331,1.78,90,100,7.25,CN,1676234226
354,aboso,5.3617,-1.9473,25.87,87,28,1.92,GH,1676234226
355,kirkkonummi,60.1238,24.4385,2.53,100,100,5.82,FI,1676234227
356,juegang,32.3174,121.1855,6.66,94,100,9.25,CN,1676234227
357,korla,41.7597,86.1469,-1.11,74,11,1.3,CN,1676234228
358,port stanley,-51.7,-57.85,14.16,56,46,9.97,FK,1676234228
359,dagupan,17.7061,121.5047,19.36,95,90,1.05,PH,1676234229
360,montepuez,-13.1256,38.9997,20.28,99,100,1.87,MZ,1676234229
361,majene,-3.5403,118.9707,25.65,81,100,4.48,ID,1676234230
362,hasaki,35.7333,140.8333,9.56,92,100,2.13,JP,1676234230
363,iquique,-20.2208,-70.1431,26.02,69,58,2.34,CL,1676233947
364,planaltina,-15.4528,-47.6142,24.02,70,99,0.56,BR,1676234231
365,baihar,22.1,80.55,13.67,26,0,1.05,IN,1676234231
366,dwarka,22.2394,68.9678,22.07,49,0,5.7,IN,1676234231
367,san quintin,30.4833,-115.95,13.57,62,96,4.96,MX,1676234232
368,nortelandia,-14.4547,-56.8028,28.31,77,93,0.78,BR,1676234232
369,raghogarh,24.45,77.2,12.27,28,0,2.91,IN,1676234233
370,langelsheim,51.9333,10.3333,8.12,97,100,1.66,DE,1676234233
371,hun,29.1268,15.9477,13.62,49,97,4.98,LY,1676234234
372,itubera,-13.7322,-39.1492,25.43,80,0,2.13,BR,1676234234
373,shenavan,40.0549,43.9288,-6.68,63,0,3.09,AM,1676234235
374,verkhoyansk,67.5447,133.385,-49.67,100,69,0.95,RU,1676234235
375,lavrentiya,65.5833,-171.0,-27.01,88,100,2.48,RU,1676234236
376,santa cruz,-17.8,-63.1667,32.7,55,40,7.72,BO,1676234236
377,kuala terengganu,5.3302,103.1408,23.97,100,20,0.0,MY,1676234237
378,mancio lima,-7.6142,-72.8958,29.04,74,75,2.06,BR,1676234237
379,duncan,34.5023,-97.9578,17.94,23,0,9.26,US,1676234238
380,chokurdakh,70.6333,147.9167,-35.21,96,100,0.68,RU,1676234238
381,barra do corda,-5.5,-45.25,26.59,87,100,2.01,BR,1676234239
382,kokoda,-8.8785,147.7407,23.81,82,97,1.3,PG,1676234239
383,halifax,44.6453,-63.5724,7.05,51,30,6.17,CA,1676233958
384,kigoma,-4.8769,29.6267,23.88,79,98,1.09,TZ,1676234240
385,mwene-ditu,-7.0,23.45,18.32,95,90,1.3,CD,1676234240
386,bourg-en-bresse,46.1667,5.1667,-1.92,95,0,0.74,FR,1676234241
387,brownsville,25.9018,-97.4975,22.83,29,0,4.12,US,1676234241
388,totma,59.9747,42.7642,-20.1,100,100,2.01,RU,1676234242
389,petropavlovsk-kamchatskiy,53.0452,158.6483,-20.67,71,0,5.0,RU,1676234242
390,shingu,33.7333,135.9833,10.23,92,100,1.46,JP,1676234243
391,baruun-urt,46.6806,113.2792,-20.35,91,5,2.55,MN,1676234243
392,moba,33.2288,105.0179,-0.9,76,100,2.95,CN,1676234244
393,atar,20.5169,-13.0499,25.92,22,100,4.2,MR,1676234244
394,bosaso,11.2842,49.1816,22.96,75,0,1.98,SO,1676234245
395,shiraoi,42.55,141.35,-5.9,82,91,1.64,JP,1676234245
396,sinnamary,5.3833,-52.95,25.29,87,91,5.55,GF,1676234245
397,tsaratanana,-16.7833,47.65,22.38,90,36,1.26,MG,1676234246
398,mecca,21.4267,39.8261,21.06,68,0,3.63,SA,1676234029
399,talnakh,69.4865,88.3972,-12.96,93,100,6.25,RU,1676234247
400,staryy nadym,65.6118,72.6842,-11.38,92,100,7.92,RU,1676234247
401,nanpara,27.8667,81.5,11.0,33,0,3.91,IN,1676234248
402,karachi,24.9056,67.0822,14.9,36,0,1.54,PK,1676234219
403,methven,-43.6333,171.65,17.23,68,1,0.89,NZ,1676234249
404,egvekinot,66.3167,-179.1667,-25.24,86,100,4.19,RU,1676234249
405,mount isa,-20.7333,139.5,25.87,53,40,6.17,AU,1676234250
406,yumen,40.2833,97.2,-4.69,45,100,1.9,CN,1676234250
407,ust-ilimsk,58.0006,102.6619,-23.07,99,19,1.95,RU,1676234251
408,karaton,-6.3424,106.1045,23.35,92,100,2.57,ID,1676234252
409,teahupoo,-17.8333,-149.2667,26.98,79,55,4.92,PF,1676234128
410,igarka,67.4667,86.5833,-13.56,93,100,8.53,RU,1676234252
411,dumka,24.2667,87.25,18.01,21,0,5.77,IN,1676234253
412,urucara,-2.5364,-57.76,28.42,78,71,1.24,BR,1676234253
413,anchorage,61.2181,-149.9003,-1.7,95,100,4.12,US,1676234253
414,askarovo,53.3372,58.5089,-16.47,85,40,3.0,RU,1676234254
415,vardo,70.3705,31.1107,-2.01,93,100,8.75,NO,1676234254
416,pirae,-17.5167,-149.5333,30.01,66,75,8.05,PF,1676234254
417,jilib,0.4883,42.7854,23.86,76,21,4.58,SO,1676234255
418,coquimbo,-29.9533,-71.3436,21.85,68,0,5.66,CL,1676234022
419,urubicha,-15.3833,-62.95,27.54,77,91,1.59,BO,1676234255
